{
    "bboxes": [
        [
            194,
            457,
            366,
            611
        ],
        [
            519,
            753,
            551,
            801
        ],
        [
            76,
            457,
            606,
            1162
        ],
        [
            492,
            812,
            736,
            1162
        ],
        [
            309,
            619,
            431,
            1161
        ],
        [
            523,
            682,
            729,
            817
        ],
        [
            296,
            753,
            435,
            853
        ],
        [
            521,
            750,
            607,
            829
        ],
        [
            42,
            787,
            145,
            1006
        ],
        [
            170,
            1009,
            264,
            1044
        ],
        [
            532,
            684,
            578,
            717
        ],
        [
            406,
            797,
            570,
            1137
        ],
        [
            4,
            694,
            90,
            1093
        ],
        [
            44,
            597,
            317,
            1007
        ]
    ],
    "labels": [
        "hat",
        "watch",
        "person",
        "plastic",
        "person",
        "crowd",
        "hand",
        "hand",
        "backpack",
        "belt",
        "hat",
        "plastic",
        "person",
        "backpack"
    ],
    "scores": [
        0.7210977673530579,
        0.7152658700942993,
        0.6171471476554871,
        0.40441837906837463,
        0.5732793211936951,
        0.35464879870414734,
        0.40524011850357056,
        0.37629082798957825,
        0.4996892809867859,
        0.35694384574890137,
        0.33352959156036377,
        0.31801703572273254,
        0.342640221118927,
        0.38859349489212036
    ]
}