{
    "bboxes": [
        [
            74.51671600341797,
            461.01885986328125,
            608.01611328125,
            1163.0687255859375
        ],
        [
            233.9417724609375,
            460.3106689453125,
            366.7367248535156,
            540.9837646484375
        ],
        [
            193.47091674804688,
            459.5040588378906,
            367.833251953125,
            600.4463500976562
        ],
        [
            519.6814575195312,
            751.7535400390625,
            551.5050659179688,
            800.5746459960938
        ],
        [
            532.8168334960938,
            684.8534545898438,
            580.890625,
            719.6729125976562
        ],
        [
            473.36199951171875,
            656.51806640625,
            528.1922607421875,
            702.920654296875
        ]
    ],
    "labels": [
        "person",
        "hat",
        "hat",
        "watch",
        "hat",
        "hat"
    ],
    "scores": [
        0.8176818490028381,
        0.6469942927360535,
        0.5876699686050415,
        0.38944584131240845,
        0.37871238589286804,
        0.37611567974090576
    ]
}