{
    "bboxes": [
        [
            440.083740234375,
            71.50499725341797,
            1146.7606201171875,
            780.014892578125
        ]
    ],
    "labels": [
        "building"
    ],
    "scores": [
        0.25004300475120544
    ]
}