{
    "bboxes": [
        [
            364.3533630371094,
            326.6667785644531,
            385.2362976074219,
            343.69976806640625
        ],
        [
            269.9764404296875,
            150.40945434570312,
            291.2002868652344,
            169.5355682373047
        ]
    ],
    "labels": [
        "car",
        "car"
    ],
    "scores": [
        0.5029241442680359,
        0.3321872651576996
    ]
}